DATE,PCE-headline,PCE-core,UNRATE,NROUST,,DATE,PCE-headline,PCE-core,UNRATE,NROUST,,01/01/1961,01/01/1966
01/01/1960,16.314,17.033,5.2,5.45645237,,01/01/1960,16.32833333,17.055,5.133333333,5.45645237,,01/02/1961,01/02/1966
01/02/1960,16.331,17.065,4.8,5.45645237,,01/04/1960,16.41366667,17.11966667,5.233333333,5.463051,,01/03/1961,01/03/1966
01/03/1960,16.34,17.067,5.4,5.45645237,,01/07/1960,16.475,17.187,5.533333333,5.469829559,,01/04/1961,01/04/1966
01/04/1960,16.4,17.098,5.2,5.463051,,01/10/1960,16.548,17.243,6.266666667,5.47677,,01/05/1961,01/05/1966
01/05/1960,16.417,17.125,5.1,5.463051,,01/01/1961,16.57866667,17.27233333,6.8,5.483875,,01/06/1961,01/06/1966
01/06/1960,16.424,17.136,5.4,5.463051,,01/04/1961,16.57666667,17.32933333,7,5.491165,,01/07/1961,01/07/1966
01/07/1960,16.453,17.166,5.5,5.469829559,,01/07/1961,16.63666667,17.40466667,6.766666667,5.498675346,,01/08/1961,01/08/1966
01/08/1960,16.481,17.191,5.6,5.469829559,,01/10/1961,16.65433333,17.447,6.2,5.506455421,,01/09/1961,01/09/1966
01/09/1960,16.491,17.204,5.5,5.469829559,,01/01/1962,16.72633333,17.511,5.633333333,5.514559,,01/10/1961,01/10/1966
01/10/1960,16.51,17.214,6.1,5.47677,,01/04/1962,16.78566667,17.57833333,5.533333333,5.523042,,01/11/1961,01/11/1966
01/11/1960,16.565,17.26,6.1,5.47677,,01/07/1962,16.83066667,17.63633333,5.566666667,5.531950474,,01/12/1961,01/12/1966
01/12/1960,16.569,17.255,6.6,5.47677,,01/10/1962,16.88233333,17.66933333,5.533333333,5.541324,,01/01/1962,01/01/1967
01/01/1961,16.571,17.259,6.6,5.483875,,01/01/1963,16.93066667,17.728,5.766666667,5.551188,,01/02/1962,01/02/1967
01/02/1961,16.587,17.276,6.9,5.483875,,01/04/1963,16.95733333,17.79466667,5.733333333,5.561552,,01/03/1962,01/03/1967
01/03/1961,16.578,17.282,6.9,5.483875,,01/07/1963,17.039,17.86333333,5.5,5.572411,,01/04/1962,01/04/1967
01/04/1961,16.568,17.306,7,5.491165,,01/10/1963,17.10233333,17.94966667,5.566666667,5.583747387,,01/05/1962,01/05/1967
01/05/1961,16.577,17.328,7.1,5.491165,,01/01/1964,17.183,18.02533333,5.466666667,5.595527649,,01/06/1962,01/06/1967
01/06/1961,16.585,17.354,6.9,5.491165,,01/04/1964,17.22033333,18.07933333,5.2,5.607706,,01/07/1962,01/07/1967
01/07/1961,16.621,17.381,7,5.498675346,,01/07/1964,17.277,18.12966667,5,5.620222569,,01/08/1962,01/08/1967
01/08/1961,16.635,17.399,6.6,5.498675346,,01/10/1964,17.33433333,18.17533333,4.966666667,5.633007,,01/09/1962,01/09/1967
01/09/1961,16.654,17.434,6.7,5.498675346,,01/01/1965,17.39033333,18.244,4.9,5.645977,,01/10/1962,01/10/1967
01/10/1961,16.652,17.44,6.5,5.506455421,,01/04/1965,17.478,18.301,4.666666667,5.659044,,01/11/1962,01/11/1967
01/11/1961,16.653,17.443,6.1,5.506455421,,01/07/1965,17.54333333,18.35766667,4.366666667,5.672116,,01/12/1962,01/12/1967
01/12/1961,16.658,17.458,6,5.506455421,,01/10/1965,17.59666667,18.41833333,4.1,5.685105,,01/01/1963,01/01/1968
01/01/1962,16.689,17.478,5.8,5.514559,,01/01/1966,17.733,18.511,3.866666667,5.69793,,01/02/1963,01/02/1968
01/02/1962,16.734,17.507,5.5,5.514559,,01/04/1966,17.87766667,18.661,3.833333333,5.710529,,01/03/1963,01/03/1968
01/03/1962,16.756,17.548,5.6,5.514559,,01/07/1966,18.014,18.815,3.766666667,5.722861,,01/04/1963,01/04/1968
01/04/1962,16.775,17.551,5.6,5.523042,,01/10/1966,18.15333333,18.978,3.7,5.734915,,01/05/1963,01/05/1968
01/05/1962,16.786,17.576,5.5,5.523042,,01/01/1967,18.20566667,19.08233333,3.833333333,5.746704,,01/06/1963,01/06/1968
01/06/1962,16.796,17.608,5.5,5.523042,,01/04/1967,18.29233333,19.21,3.833333333,5.75827,,01/07/1963,01/07/1968
01/07/1962,16.787,17.623,5.4,5.531950474,,01/07/1967,18.46233333,19.38466667,3.8,5.769672,,01/08/1963,01/08/1968
01/08/1962,16.811,17.626,5.7,5.531950474,,01/10/1967,18.621,19.58033333,3.9,5.780984,,01/09/1963,01/09/1968
01/09/1962,16.894,17.66,5.6,5.531950474,,01/01/1968,18.81933333,19.803,3.733333333,5.792286,,01/10/1963,01/10/1968
01/10/1962,16.876,17.659,5.4,5.541324,,01/04/1968,19.01166667,20.03366667,3.566666667,5.803658485,,01/11/1963,01/11/1968
01/11/1962,16.889,17.672,5.7,5.541324,,01/07/1968,19.20833333,20.258,3.533333333,5.815175533,,01/12/1963,01/12/1968
01/12/1962,16.882,17.677,5.5,5.541324,,01/10/1968,19.42133333,20.49333333,3.4,5.826905,,01/01/1964,01/01/1969
01/01/1963,16.923,17.711,5.7,5.551188,,01/01/1969,19.60933333,20.71733333,3.4,5.838901,,01/02/1964,01/02/1969
01/02/1963,16.941,17.731,5.9,5.551188,,01/04/1969,19.85933333,20.96533333,3.433333333,5.851209641,,01/03/1964,01/03/1969
01/03/1963,16.928,17.742,5.7,5.551188,,01/07/1969,20.102,21.20733333,3.566666667,5.863864,,01/04/1964,01/04/1969
01/04/1963,16.927,17.763,5.7,5.561552,,01/10/1969,20.33433333,21.45633333,3.566666667,5.876888,,01/05/1964,01/05/1969
01/05/1963,16.954,17.795,5.9,5.561552,,01/01/1970,20.57,21.69033333,4.166666667,5.890298367,,01/06/1964,01/06/1969
01/06/1963,16.991,17.826,5.6,5.561552,,01/04/1970,20.798,21.935,4.766666667,5.9041,,01/07/1964,01/07/1969
01/07/1963,17.025,17.842,5.6,5.572411,,01/07/1970,21,22.17966667,5.166666667,5.918292,,01/08/1964,01/08/1969
01/08/1963,17.048,17.858,5.4,5.572411,,01/10/1970,21.27233333,22.491,5.833333333,5.932861,,01/09/1964,01/09/1969
01/09/1963,17.044,17.89,5.5,5.572411,,01/01/1971,21.47366667,22.77566667,5.933333333,5.947782,,01/10/1964,01/10/1969
01/10/1963,17.078,17.93,5.5,5.583747387,,01/04/1971,21.71866667,23.03566667,5.9,5.963016,,01/11/1964,01/11/1969
01/11/1963,17.102,17.947,5.7,5.583747387,,01/07/1971,21.932,23.25266667,6.033333333,5.978505611,,01/12/1964,01/12/1969
01/12/1963,17.127,17.972,5.5,5.583747387,,01/10/1971,22.068,23.38566667,5.933333333,5.994177,,01/01/1965,01/01/1970
01/01/1964,17.163,17.997,5.6,5.595527649,,01/01/1972,22.30066667,23.60966667,5.766666667,6.00994,,01/02/1965,01/02/1970
01/02/1964,17.188,18.031,5.4,5.595527649,,01/04/1972,22.42966667,23.76933333,5.7,6.025690556,,01/03/1965,01/03/1970
01/03/1964,17.198,18.048,5.4,5.595527649,,01/07/1972,22.62666667,23.948,5.566666667,6.041317,,01/04/1965,01/04/1970
01/04/1964,17.211,18.065,5.3,5.607706,,01/10/1972,22.81066667,24.09833333,5.366666667,6.056706,,01/05/1965,01/05/1970
01/05/1964,17.213,18.08,5.1,5.607706,,01/01/1973,23.086,24.26633333,4.933333333,6.071745396,,01/06/1965,01/06/1970
01/06/1964,17.237,18.093,5.2,5.607706,,01/04/1973,23.52966667,24.59666667,4.933333333,6.086335,,01/07/1965,01/07/1970
01/07/1964,17.259,18.111,4.9,5.620222569,,01/07/1973,23.958,24.924,4.8,6.10038662,,01/08/1965,01/08/1970
01/08/1964,17.273,18.135,5,5.620222569,,01/10/1973,24.44866667,25.27033333,4.766666667,6.113830566,,01/09/1965,01/09/1970
01/09/1964,17.299,18.143,5.1,5.620222569,,01/01/1974,25.17566667,25.70433333,5.133333333,6.126616478,,01/10/1965,01/10/1970
01/10/1964,17.31,18.149,5.1,5.633007,,01/04/1974,25.88866667,26.34333333,5.2,6.138715,,01/11/1965,01/11/1970
01/11/1964,17.334,18.176,4.8,5.633007,,01/07/1974,26.58733333,27.09633333,5.633333333,6.150114536,,01/12/1965,01/12/1970
01/12/1964,17.359,18.201,5,5.633007,,01/10/1974,27.263,27.75833333,6.6,6.16081953,,01/01/1966,01/01/1971
01/01/1965,17.378,18.226,4.9,5.645977,,01/01/1975,27.77633333,28.301,8.266666667,6.170844,,01/02/1966,01/02/1971
01/02/1965,17.385,18.248,5.1,5.645977,,01/04/1975,28.11666667,28.73166667,8.866666667,6.180209,,01/03/1966,01/03/1971
01/03/1965,17.408,18.258,4.7,5.645977,,01/07/1975,28.64333333,29.16333333,8.466666667,6.188934,,01/04/1966,01/04/1971
01/04/1965,17.435,18.28,4.8,5.659044,,01/10/1975,29.12366667,29.638,8.3,6.197032452,,01/05/1966,01/05/1971
01/05/1965,17.474,18.314,4.6,5.659044,,01/01/1976,29.44433333,30.08866667,7.733333333,6.204509,,01/06/1966,01/06/1971
01/06/1965,17.525,18.309,4.6,5.659044,,01/04/1976,29.69066667,30.449,7.566666667,6.211358,,01/07/1966,01/07/1971
01/07/1965,17.538,18.327,4.4,5.672116,,01/07/1976,30.14166667,30.92633333,7.733333333,6.217563,,01/08/1966,01/08/1971
01/08/1965,17.542,18.362,4.4,5.672116,,01/10/1976,30.618,31.41,7.766666667,6.223099,,01/09/1966,01/09/1971
01/09/1965,17.55,18.384,4.3,5.672116,,01/01/1977,31.17066667,31.93833333,7.5,6.227931,,01/10/1966,01/10/1971
01/10/1965,17.556,18.377,4.2,5.685105,,01/04/1977,31.70366667,32.427,7.133333333,6.232016563,,01/11/1966,01/11/1971
01/11/1965,17.585,18.411,4.1,5.685105,,01/07/1977,32.18066667,32.96633333,6.9,6.235309,,01/12/1966,01/12/1971
01/12/1965,17.649,18.467,4,5.685105,,01/10/1977,32.63833333,33.44533333,6.666666667,6.237757,,01/01/1967,01/01/1972
01/01/1966,17.67,18.473,4,5.69793,,01/01/1978,33.17366667,33.967,6.333333333,6.239311,,01/02/1967,01/02/1972
01/02/1966,17.743,18.518,3.8,5.69793,,01/04/1978,33.85466667,34.553,6,6.239927,,01/03/1967,01/03/1972
01/03/1966,17.786,18.542,3.8,5.69793,,01/07/1978,34.44966667,35.14566667,6.033333333,6.239574432,,01/04/1967,01/04/1972
01/04/1966,17.848,18.608,3.8,5.710529,,01/10/1978,35.10033333,35.777,5.9,6.23823452,,01/05/1967,01/05/1972
01/05/1966,17.87,18.657,3.9,5.710529,,01/01/1979,35.76166667,36.26566667,5.866666667,6.235909462,,01/06/1967,01/06/1972
01/06/1966,17.915,18.718,3.8,5.710529,,01/04/1979,36.73833333,37.06266667,5.7,6.232617,,01/07/1967,01/07/1972
01/07/1966,17.949,18.773,3.8,5.722861,,01/07/1979,37.65033333,37.747,5.866666667,6.228393555,,01/08/1967,01/08/1972
01/08/1966,18.018,18.807,3.8,5.722861,,01/10/1979,38.56133333,38.53466667,5.966666667,6.22329,,01/09/1967,01/09/1972
01/09/1966,18.075,18.865,3.7,5.722861,,01/01/1980,39.71933333,39.477,6.3,6.21737051,,01/10/1967,01/10/1972
01/10/1966,18.123,18.927,3.7,5.734915,,01/04/1980,40.691,40.36,7.333333333,6.210709,,01/11/1967,01/11/1972
01/11/1966,18.15,18.975,3.6,5.734915,,01/07/1980,41.64266667,41.25866667,7.666666667,6.203388,,01/12/1967,01/12/1972
01/12/1966,18.187,19.032,3.8,5.734915,,01/10/1980,42.67333333,42.264,7.4,6.195495605,,01/01/1968,01/01/1973
01/01/1967,18.188,19.05,3.9,5.746704,,01/01/1981,43.78033333,43.20133333,7.433333333,6.187123,,01/02/1968,01/02/1973
01/02/1967,18.209,19.084,3.8,5.746704,,01/04/1981,44.51466667,44.018,7.4,6.178361416,,01/03/1968,01/03/1973
01/03/1967,18.22,19.113,3.8,5.746704,,01/07/1981,45.24766667,44.82866667,7.4,6.169302464,,01/04/1968,01/04/1973
01/04/1967,18.249,19.165,3.8,5.75827,,01/10/1981,45.94133333,45.62566667,8.233333333,6.160031,,01/05/1968,01/05/1973
01/05/1967,18.285,19.208,3.8,5.75827,,01/01/1982,46.52466667,46.294,8.833333333,6.150627,,01/06/1968,01/06/1973
01/06/1967,18.343,19.257,3.9,5.75827,,01/04/1982,46.97266667,46.92033333,9.433333333,6.141159534,,01/07/1968,01/07/1973
01/07/1967,18.405,19.322,3.8,5.769672,,01/07/1982,47.71466667,47.67233333,9.9,6.131687,,01/08/1968,01/08/1973
01/08/1967,18.463,19.382,3.8,5.769672,,01/10/1982,48.24133333,48.336,10.66666667,6.122254,,01/09/1968,01/09/1973
01/09/1967,18.519,19.45,3.8,5.769672,,01/01/1983,48.63966667,48.97133333,10.36666667,6.112889,,01/10/1968,01/10/1973
01/10/1967,18.57,19.523,4,5.780984,,01/04/1983,49.08466667,49.346,10.13333333,6.103606,,01/11/1968,01/11/1973
01/11/1967,18.632,19.585,3.9,5.780984,,01/07/1983,49.72966667,50.095,9.366666667,6.094400406,,01/12/1968,01/12/1973
01/12/1967,18.661,19.633,3.8,5.780984,,01/10/1983,50.058,50.496,8.533333333,6.085254,,01/01/1969,01/01/1974
01/01/1968,18.748,19.72,3.7,5.792286,,01/01/1984,50.599,51.00666667,7.866666667,6.076131,,01/02/1969,01/02/1974
01/02/1968,18.824,19.805,3.8,5.792286,,01/04/1984,51.089,51.603,7.433333333,6.066982,,01/03/1969,01/03/1974
01/03/1968,18.886,19.884,3.7,5.792286,,01/07/1984,51.48266667,52.08766667,7.433333333,6.057761,,01/04/1969,01/04/1974
01/04/1968,18.945,19.957,3.5,5.803658485,,01/10/1984,51.80066667,52.45833333,7.3,6.048421383,,01/05/1969,01/05/1974
01/05/1968,19.015,20.033,3.5,5.803658485,,01/01/1985,52.41166667,53.174,7.233333333,6.038903,,01/06/1969,01/06/1974
01/06/1968,19.075,20.111,3.7,5.803658485,,01/04/1985,52.837,53.63533333,7.3,6.029139519,,01/07/1969,01/07/1974
01/07/1968,19.134,20.178,3.7,5.815175533,,01/07/1985,53.25133333,54.18633333,7.2,6.019057,,01/08/1969,01/08/1974
01/08/1968,19.212,20.257,3.5,5.815175533,,01/10/1985,53.62266667,54.57466667,7.033333333,6.008578,,01/09/1969,01/09/1974
01/09/1968,19.279,20.339,3.4,5.815175533,,01/01/1986,54.00266667,55.16466667,7.033333333,5.997622,,01/10/1969,01/10/1974
01/10/1968,19.364,20.422,3.4,5.826905,,01/04/1986,53.94566667,55.54233333,7.166666667,5.98611,,01/11/1969,01/11/1974
01/11/1968,19.43,20.498,3.4,5.826905,,01/07/1986,54.23033333,55.924,6.966666667,5.973967552,,01/12/1969,01/12/1974
01/12/1968,19.47,20.56,3.4,5.826905,,01/10/1986,54.55833333,56.378,6.833333333,5.961125374,,01/01/1970,01/01/1975
01/01/1969,19.546,20.638,3.4,5.838901,,01/01/1987,55.072,56.73233333,6.6,5.947525501,,01/02/1970,01/02/1975
01/02/1969,19.595,20.709,3.4,5.838901,,01/04/1987,55.60333333,57.28233333,6.266666667,5.933125496,,01/03/1970,01/03/1975
01/03/1969,19.687,20.805,3.4,5.838901,,01/07/1987,56.12933333,57.79466667,6,5.917901516,,01/04/1970,01/04/1975
01/04/1969,19.774,20.886,3.4,5.851209641,,01/10/1987,56.61466667,58.38233333,5.833333333,5.901855,,01/05/1970,01/05/1975
01/05/1969,19.854,20.969,3.4,5.851209641,,01/01/1988,57.062,58.94566667,5.7,5.885015,,01/06/1970,01/06/1975
01/06/1969,19.95,21.041,3.5,5.851209641,,01/04/1988,57.69233333,59.66033333,5.466666667,5.86744,,01/07/1970,01/07/1975
01/07/1969,20.037,21.139,3.5,5.863864,,01/07/1988,58.403,60.34733333,5.466666667,5.849217,,01/08/1970,01/08/1975
01/08/1969,20.093,21.199,3.5,5.863864,,01/10/1988,58.99366667,61.02166667,5.333333333,5.830452442,,01/09/1970,01/09/1975
01/09/1969,20.176,21.284,3.7,5.863864,,01/01/1989,59.671,61.68766667,5.2,5.811267376,,01/10/1970,01/10/1975
01/10/1969,20.245,21.375,3.7,5.876888,,01/04/1989,60.475,62.24866667,5.233333333,5.791787,,01/11/1970,01/11/1975
01/11/1969,20.332,21.457,3.5,5.876888,,01/07/1989,60.83166667,62.712,5.233333333,5.772135,,01/12/1970,01/12/1975
01/12/1969,20.426,21.537,3.5,5.876888,,01/10/1989,61.31033333,63.286,5.366666667,5.752428532,,01/01/1971,01/01/1976
01/01/1970,20.499,21.608,3.9,5.890298367,,01/01/1990,62.199,64.015,5.3,5.732765,,01/02/1971,01/02/1976
01/02/1970,20.58,21.691,4.2,5.890298367,,01/04/1990,62.76333333,64.73,5.333333333,5.71323061,,01/03/1971,01/03/1976
01/03/1970,20.631,21.772,4.4,5.890298367,,01/07/1990,63.561,65.38433333,5.7,5.693902493,,01/04/1971,01/04/1976
01/04/1970,20.736,21.857,4.6,5.9041,,01/10/1990,64.40166667,65.93333333,6.133333333,5.674851418,,01/05/1971,01/05/1976
01/05/1970,20.802,21.934,4.8,5.9041,,01/01/1991,64.74033333,66.51833333,6.6,5.656145573,,01/06/1971,01/06/1976
01/06/1970,20.856,22.014,4.9,5.9041,,01/04/1991,65.094,67.031,6.833333333,5.637838,,01/07/1971,01/07/1976
01/07/1970,20.932,22.098,5,5.918292,,01/07/1991,65.536,67.63466667,6.866666667,5.619961,,01/08/1971,01/08/1976
01/08/1970,20.987,22.174,5.1,5.918292,,01/10/1991,66.01166667,68.16666667,7.1,5.602534,,01/09/1971,01/09/1976
01/09/1970,21.081,22.267,5.4,5.918292,,01/01/1992,66.42566667,68.68833333,7.366666667,5.585576534,,01/10/1971,01/10/1976
01/10/1970,21.185,22.376,5.5,5.932861,,01/04/1992,66.86733333,69.17366667,7.6,5.569084,,01/11/1971,01/11/1976
01/11/1970,21.269,22.492,5.9,5.932861,,01/07/1992,67.29366667,69.58333333,7.633333333,5.553059,,01/12/1971,01/12/1976
01/12/1970,21.363,22.605,6.1,5.932861,,01/10/1992,67.763,70.09333333,7.366666667,5.537511,,01/01/1972,01/01/1977
01/01/1971,21.408,22.694,5.9,5.947782,,01/01/1993,68.16666667,70.576,7.133333333,5.522455,,01/02/1972,01/02/1977
01/02/1971,21.471,22.78,5.9,5.947782,,01/04/1993,68.62433333,71.11166667,7.066666667,5.50790453,,01/03/1972,01/03/1977
01/03/1971,21.542,22.853,6,5.947782,,01/07/1993,68.92266667,71.50933333,6.8,5.493864536,,01/04/1972,01/04/1977
01/04/1971,21.626,22.939,5.9,5.963016,,01/10/1993,69.31966667,71.87733333,6.633333333,5.480341434,,01/05/1972,01/05/1977
01/05/1971,21.717,23.039,5.9,5.963016,,01/01/1994,69.56833333,72.20366667,6.566666667,5.467338562,,01/06/1972,01/06/1977
01/06/1971,21.813,23.129,5.9,5.963016,,01/04/1994,69.95633333,72.68966667,6.2,5.454845,,01/07/1972,01/07/1977
01/07/1971,21.879,23.218,6,5.978505611,,01/07/1994,70.45866667,73.09566667,6,5.442838,,01/08/1972,01/08/1977
01/08/1971,21.942,23.251,6.1,5.978505611,,01/10/1994,70.78933333,73.46666667,5.633333333,5.431291,,01/09/1972,01/09/1977
01/09/1971,21.975,23.289,6,5.978505611,,01/01/1995,71.13566667,73.85166667,5.466666667,5.420172,,01/10/1972,01/10/1977
01/10/1971,22.009,23.326,5.8,5.994177,,01/04/1995,71.54966667,74.29,5.666666667,5.409451485,,01/11/1972,01/11/1977
01/11/1971,22.054,23.379,6,5.994177,,01/07/1995,71.84166667,74.64466667,5.666666667,5.399091,,01/12/1972,01/12/1977
01/12/1971,22.141,23.452,6,5.994177,,01/10/1995,72.15766667,75.019,5.566666667,5.38905,,01/01/1973,01/01/1978
01/01/1972,22.232,23.552,5.8,6.00994,,01/01/1996,72.559,75.31333333,5.533333333,5.379276,,01/02/1973,01/02/1978
01/02/1972,22.319,23.615,5.7,6.00994,,01/04/1996,73.04466667,75.67166667,5.5,5.369709492,,01/03/1973,01/03/1978
01/03/1972,22.351,23.662,5.8,6.00994,,01/07/1996,73.356,76.017,5.266666667,5.360292435,,01/04/1973,01/04/1978
01/04/1972,22.386,23.717,5.7,6.025690556,,01/10/1996,73.85566667,76.44966667,5.333333333,5.350973606,,01/05/1973,01/05/1978
01/05/1972,22.434,23.772,5.7,6.025690556,,01/01/1997,74.182,76.75,5.233333333,5.341696,,01/06/1973,01/06/1978
01/06/1972,22.469,23.819,5.7,6.025690556,,01/04/1997,74.36766667,77.15033333,5,5.332409382,,01/07/1973,01/07/1978
01/07/1972,22.549,23.888,5.6,6.041317,,01/07/1997,74.564,77.33033333,4.866666667,5.32308054,,01/08/1973,01/08/1978
01/08/1972,22.615,23.938,5.6,6.041317,,01/10/1997,74.79766667,77.57533333,4.666666667,5.31369,,01/09/1973,01/09/1978
01/09/1972,22.716,24.018,5.5,6.041317,,01/01/1998,74.80366667,77.80366667,4.633333333,5.304222,,01/10/1973,01/10/1978
01/10/1972,22.741,24.032,5.6,6.056706,,01/04/1998,74.93866667,78.042,4.4,5.294664,,01/11/1973,01/11/1978
01/11/1972,22.809,24.095,5.3,6.056706,,01/07/1998,75.17066667,78.31933333,4.533333333,5.285001,,01/12/1973,01/12/1978
01/12/1972,22.882,24.168,5.2,6.056706,,01/10/1998,75.36866667,78.56833333,4.433333333,5.275233,,01/01/1974,01/01/1979
01/01/1973,22.951,24.183,4.9,6.071745396,,01/01/1999,75.51733333,78.766,4.3,5.265363,,01/02/1974,01/02/1979
01/02/1973,23.072,24.259,5,6.071745396,,01/04/1999,75.94666667,79.03933333,4.266666667,5.255394459,,01/03/1974,01/03/1979
01/03/1973,23.235,24.357,4.9,6.071745396,,01/07/1999,76.36433333,79.33033333,4.233333333,5.245333672,,01/04/1974,01/04/1979
01/04/1973,23.408,24.498,5,6.086335,,01/10/1999,76.82833333,79.70333333,4.066666667,5.235184669,,01/05/1974,01/05/1979
01/05/1973,23.523,24.593,4.9,6.086335,,01/01/2000,77.45233333,80.121,4.033333333,5.224948,,01/06/1974,01/06/1979
01/06/1973,23.658,24.699,4.9,6.086335,,01/04/2000,77.82133333,80.40066667,3.933333333,5.214622,,01/07/1974,01/07/1979
01/07/1973,23.744,24.805,4.8,6.10038662,,01/07/2000,78.32266667,80.788,4,5.204211,,01/08/1974,01/08/1979
01/08/1973,24.017,24.921,4.8,6.10038662,,01/10/2000,78.76566667,81.18866667,3.9,5.193731,,01/09/1974,01/09/1979
01/09/1973,24.113,25.046,4.8,6.10038662,,01/01/2001,79.34933333,81.71633333,4.233333333,5.183196545,,01/10/1974,01/10/1979
01/10/1973,24.249,25.143,4.6,6.113830566,,01/04/2001,79.72066667,82.025,4.4,5.172613621,,01/11/1974,01/11/1979
01/11/1973,24.448,25.264,4.8,6.113830566,,01/07/2001,79.761,82.237,4.833333333,5.161983,,01/12/1974,01/12/1979
01/12/1973,24.649,25.404,4.9,6.113830566,,01/10/2001,79.79366667,82.63366667,5.5,5.151313,,01/01/1975,01/01/1980
01/01/1974,24.885,25.529,5.1,6.126616478,,01/01/2002,79.95433333,82.88766667,5.7,5.140615463,,01/02/1975,01/02/1980
01/02/1974,25.175,25.692,5.2,6.126616478,,01/04/2002,80.54733333,83.344,5.833333333,5.129905,,01/03/1975,01/03/1980
01/03/1974,25.467,25.892,5.1,6.126616478,,01/07/2002,80.96466667,83.78766667,5.733333333,5.119209,,01/04/1975,01/04/1980
01/04/1974,25.647,26.086,5.1,6.138715,,01/10/2002,81.342,84.08566667,5.866666667,5.108561516,,01/05/1975,01/05/1980
01/05/1974,25.9,26.337,5.1,6.138715,,01/01/2003,81.964,84.34533333,5.866666667,5.09799,,01/06/1975,01/06/1980
01/06/1974,26.119,26.607,5.4,6.138715,,01/04/2003,82.04666667,84.66533333,6.133333333,5.087525,,01/07/1975,01/07/1980
01/07/1974,26.312,26.843,5.5,6.150114536,,01/07/2003,82.58666667,85.05266667,6.133333333,5.077202,,01/08/1975,01/08/1980
01/08/1974,26.587,27.101,5.5,6.150114536,,01/10/2003,82.993,85.43366667,5.833333333,5.067058563,,01/09/1975,01/09/1980
01/09/1974,26.863,27.345,5.9,6.150114536,,01/01/2004,83.63266667,85.90366667,5.7,5.057126,,01/10/1975,01/10/1980
01/10/1974,27.056,27.559,6,6.16081953,,01/04/2004,84.19566667,86.39433333,5.6,5.047432423,,01/11/1975,01/11/1980
01/11/1974,27.259,27.76,6.6,6.16081953,,01/07/2004,84.60966667,86.704,5.433333333,5.038008,,01/12/1975,01/12/1980
01/12/1974,27.474,27.956,7.2,6.16081953,,01/10/2004,85.333,87.174,5.433333333,5.028878689,,01/01/1976,01/01/1981
01/01/1975,27.645,28.119,8.1,6.170844,,01/01/2005,85.82933333,87.794,5.3,5.020076,,01/02/1976,01/02/1981
01/02/1975,27.795,28.318,8.1,6.170844,,01/04/2005,86.37133333,88.22933333,5.1,5.011637,,01/03/1976,01/03/1981
01/03/1975,27.889,28.466,8.6,6.170844,,01/07/2005,87.30366667,88.57333333,4.966666667,5.00365448,,01/04/1976,01/04/1981
01/04/1975,27.984,28.604,8.8,6.180209,,01/10/2005,87.999,89.16466667,4.966666667,4.996716776,,01/05/1976,01/05/1981
01/05/1975,28.095,28.725,9,6.180209,,01/01/2006,88.45633333,89.68133333,4.733333333,4.987016737,,01/06/1976,01/06/1981
01/06/1975,28.271,28.866,8.8,6.180209,,01/04/2006,89.23233333,90.39566667,4.633333333,4.976734476,,01/07/1976,01/07/1981
01/07/1975,28.514,29.044,8.6,6.188934,,01/07/2006,89.87466667,90.88266667,4.633333333,4.966011158,,01/08/1976,01/08/1981
01/08/1975,28.637,29.144,8.4,6.188934,,01/10/2006,89.726,91.274,4.433333333,4.95504008,,01/09/1976,01/09/1981
01/09/1975,28.779,29.302,8.4,6.188934,,01/01/2007,90.54633333,91.904,4.5,4.94404698,,01/10/1976,01/10/1981
01/10/1975,28.946,29.448,8.4,6.197032452,,01/04/2007,91.315,92.28633333,4.5,4.933268579,,01/11/1976,01/11/1981
01/11/1975,29.132,29.643,8.3,6.197032452,,01/07/2007,91.83133333,92.73933333,4.666666667,4.922925139,,01/12/1976,01/12/1981
01/12/1975,29.293,29.823,8.2,6.197032452,,01/10/2007,92.765,93.38066667,4.8,4.913194325,,01/01/1977,01/01/1982
01/01/1976,29.405,29.976,7.9,6.204509,,01/01/2008,93.51966667,93.875,5,4.912083379,,01/02/1977,01/02/1982
01/02/1976,29.442,30.095,7.7,6.204509,,01/04/2008,94.43066667,94.26966667,5.333333333,4.960114109,,01/03/1977,01/03/1982
01/03/1976,29.486,30.195,7.6,6.204509,,01/07/2008,95.438,94.75066667,6,4.990479336,,01/04/1977,01/04/1982
01/04/1976,29.553,30.312,7.7,6.211358,,01/10/2008,93.91433333,94.67566667,6.866666667,5.104601542,,01/05/1977,01/05/1982
01/05/1976,29.695,30.456,7.4,6.211358,,01/01/2009,93.27966667,94.67466667,8.266666667,5.212292418,,01/06/1977,01/06/1982
01/06/1976,29.824,30.579,7.6,6.211358,,01/04/2009,93.65066667,95.046,9.3,5.283114938,,01/07/1977,01/07/1982
01/07/1976,29.975,30.748,7.8,6.217563,,01/07/2009,94.296,95.38266667,9.633333333,5.395247122,,01/08/1977,01/08/1982
01/08/1976,30.14,30.925,7.8,6.217563,,01/10/2009,95.02366667,95.977,9.933333333,5.503899202,,01/09/1977,01/09/1982
01/09/1976,30.31,31.106,7.6,6.217563,,01/01/2010,95.391,96.305,9.833333333,5.648051059,,01/10/1977,01/10/1982
01/10/1976,30.469,31.258,7.7,6.223099,,01/04/2010,95.53866667,96.565,9.633333333,5.690288816,,01/11/1977,01/11/1982
01/11/1976,30.607,31.401,7.8,6.223099,,01/07/2010,95.723,96.71333333,9.466666667,5.726967342,,01/12/1977,01/12/1982
01/12/1976,30.778,31.571,7.8,6.223099,,01/10/2010,96.33566667,97.01866667,9.5,5.770941881,,01/01/1978,01/01/1983
01/01/1977,30.957,31.763,7.5,6.227931,,01/01/2011,97.14533333,97.44533333,9.033333333,5.804344038,,01/02/1978,01/02/1983
01/02/1977,31.199,31.958,7.6,6.227931,,01/04/2011,98.1,98.015,9.066666667,5.822588923,,01/03/1978,01/03/1983
01/03/1977,31.356,32.094,7.4,6.227931,,01/07/2011,98.55333333,98.462,9,5.830605261,,01/04/1978,01/04/1983
01/04/1977,31.538,32.253,7.2,6.232016563,,01/10/2011,98.879,98.813,8.633333333,5.847203348,,01/05/1978,01/05/1983
01/05/1977,31.698,32.417,7,6.232016563,,01/01/2012,99.53433333,99.43633333,8.266666667,5.815009226,,01/06/1978,01/06/1983
01/06/1977,31.875,32.611,7.2,6.232016563,,01/04/2012,99.77466667,99.84766667,8.2,5.781262444,,01/07/1978,01/07/1983
01/07/1977,32.041,32.813,6.9,6.235309,,01/07/2012,100.0646667,100.1363333,8.033333333,5.712411406,,01/08/1978,01/08/1983
01/08/1977,32.19,32.973,7,6.235309,,01/10/2012,100.6263333,100.579,7.8,5.656054951,,01/09/1978,01/09/1983
01/09/1977,32.311,33.113,6.8,6.235309,,01/01/2013,100.9886667,100.9826667,7.733333333,5.516896662,,01/10/1978,01/10/1983
01/10/1977,32.461,33.273,6.8,6.237757,,01/04/2013,101.0606667,101.291,7.533333333,5.370586944,,01/11/1978,01/11/1983
01/11/1977,32.648,33.445,6.8,6.237757,,01/07/2013,101.4713333,101.6836667,7.233333333,5.265987002,,01/12/1978,01/12/1983
01/12/1977,32.806,33.618,6.4,6.237757,,01/10/2013,101.8956667,102.1806667,6.933333333,5.150994354,,01/01/1979,01/01/1984
01/01/1978,33,33.819,6.4,6.239311,,01/01/2014,102.3863333,102.533,6.666666667,5.045110253,,01/02/1979,01/02/1984
01/02/1978,33.153,33.949,6.3,6.239311,,01/04/2014,102.8986667,103.04,6.2,4.956619687,,01/03/1979,01/03/1984
01/03/1978,33.368,34.133,6.3,6.239311,,01/07/2014,103.19,103.4376667,6.066666667,4.887757383,,01/04/1979,01/04/1984
01/04/1978,33.621,34.354,6.1,6.239927,,01/10/2014,103.0716667,103.7353333,5.7,4.838887231,,01/05/1979,01/05/1984
01/05/1978,33.861,34.556,6,6.239927,,01/01/2015,102.6433333,103.9386667,5.533333333,4.810394419,,01/06/1979,01/06/1984
01/06/1978,34.082,34.749,5.9,6.239927,,01/04/2015,103.1406667,104.384,5.433333333,4.782686752,,01/07/1979,01/07/1984
01/07/1978,34.269,34.953,6.2,6.239574432,,01/07/2015,103.3906667,104.6986667,5.1,4.756195061,,01/08/1979,01/08/1984
01/08/1978,34.442,35.141,5.9,6.239574432,,01/10/2015,103.288,104.926,5.033333333,4.731372,,01/09/1979,01/09/1984
01/09/1978,34.638,35.343,6,6.239574432,,01/01/2016,103.343,105.3646667,4.9,4.708691,,01/10/1979,01/10/1984
01/10/1978,34.913,35.603,5.8,6.23823452,,01/04/2016,103.9916667,105.937,4.933333333,4.688638,,01/11/1979,01/11/1984
01/11/1978,35.112,35.794,5.9,6.23823452,,01/07/2016,104.3823333,106.4306667,4.9,4.671323,,01/12/1979,01/12/1984
01/12/1978,35.276,35.934,6,6.23823452,,01/10/2016,104.8763333,106.8183333,4.766666667,4.656598,,01/01/1980,01/01/1985
01/01/1979,35.542,36.118,5.9,6.235909462,,01/01/2017,105.4533333,107.2893333,4.566666667,4.644163,,01/02/1980,01/02/1985
01/02/1979,35.732,36.235,5.9,6.235909462,,01/04/2017,105.751,107.7206667,4.366666667,4.63363,,01/03/1980,01/03/1985
01/03/1979,36.011,36.444,5.8,6.235909462,,01/07/2017,106.146,108.0896667,4.333333333,4.624581,,01/04/1980,01/04/1985
01/04/1979,36.386,36.78,5.8,6.232617,,01/10/2017,106.8556667,108.6386667,4.166666667,4.616598,,01/05/1980,01/05/1985
01/05/1979,36.763,37.1,5.6,6.232617,,01/01/2018,107.5573333,109.2916667,4.033333333,4.609289,,01/06/1980,01/06/1985
01/06/1979,37.066,37.308,5.7,6.232617,,01/04/2018,108.184,109.9423333,3.933333333,4.602304,,01/07/1980,01/07/1985
01/07/1979,37.349,37.495,5.7,6.228393555,,01/07/2018,108.546,110.32,3.766666667,4.595352,,01/08/1980,01/08/1985
01/08/1979,37.635,37.744,6,6.228393555,,01/10/2018,108.9866667,110.8283333,3.833333333,4.588214,,01/09/1980,01/09/1985
01/09/1979,37.967,38.002,5.9,6.228393555,,01/01/2019,109.0996667,111.1366667,3.866666667,4.559107,,01/10/1980,01/10/1985
01/10/1979,38.276,38.279,6,6.22329,,01/04/2019,109.8353333,111.7826667,3.6,4.548072,,01/11/1980,01/11/1985
01/11/1979,38.542,38.524,5.9,6.22329,,01/07/2019,110.1406667,112.2686667,3.633333333,4.536518,,01/12/1980,01/12/1985
01/12/1979,38.866,38.801,6,6.22329,,01/10/2019,110.612,112.6466667,3.6,4.524682,,01/01/1981,01/01/1986
01/01/1980,39.273,39.095,6.3,6.21737051,,01/01/2020,110.9583333,113.135,3.8,4.512876,,01/02/1981,01/02/1986
01/02/1980,39.699,39.485,6.3,6.21737051,,01/04/2020,110.5053333,112.919,12.96666667,4.501435,,01/03/1981,01/03/1986
01/03/1980,40.186,39.851,6.3,6.21737051,,01/07/2020,111.5066667,113.904,8.833333333,4.490658,,01/04/1981,01/04/1986
01/04/1980,40.396,40.056,6.9,6.210709,,01/10/2020,111.9283333,114.255,6.766666667,4.480756,,01/05/1981,01/05/1986
01/05/1980,40.71,40.378,7.5,6.210709,,01/01/2021,112.9886667,115.0093333,6.2,4.471833,,01/06/1981,01/06/1986
01/06/1980,40.967,40.646,7.6,6.210709,,01/04/2021,114.772,116.731,5.9,4.463892,,01/07/1981,01/07/1986
01/07/1980,41.285,40.932,7.8,6.203388,,01/07/2021,116.2766667,118.0446667,5.1,4.456865,,01/08/1981,01/08/1986
01/08/1980,41.629,41.228,7.7,6.203388,,01/10/2021,118.0813333,119.4966667,4.233333333,4.450651,,01/09/1981,01/09/1986
01/09/1980,42.014,41.616,7.5,6.203388,,01/01/2022,120.1116667,121.0153333,3.8,4.445137,,01/10/1981,01/10/1986
01/10/1980,42.351,41.959,7.5,6.195495605,,01/04/2022,121.6955,122.025,3.6,4.440214,,01/11/1981,01/11/1986
01/11/1980,42.696,42.289,7.5,6.195495605,,,,,,,,01/12/1981,01/12/1986
01/12/1980,42.973,42.544,7.2,6.195495605,,,,,,,,01/01/1982,01/01/1987
01/01/1981,43.386,42.912,7.5,6.187123,,,,,,,,01/02/1982,01/02/1987
01/02/1981,43.825,43.226,7.4,6.187123,,,,,,,,01/03/1982,01/03/1987
01/03/1981,44.13,43.466,7.4,6.187123,,,,,,,,01/04/1982,01/04/1987
01/04/1981,44.323,43.744,7.2,6.178361416,,,,,,,,01/05/1982,01/05/1987
01/05/1981,44.522,44.045,7.5,6.178361416,,,,,,,,01/06/1982,01/06/1987
01/06/1981,44.699,44.265,7.5,6.178361416,,,,,,,,01/07/1982,01/07/1987
01/07/1981,44.969,44.532,7.2,6.169302464,,,,,,,,01/08/1982,01/08/1987
01/08/1981,45.25,44.83,7.4,6.169302464,,,,,,,,01/09/1982,01/09/1987
01/09/1981,45.524,45.124,7.6,6.169302464,,,,,,,,01/10/1982,01/10/1987
01/10/1981,45.73,45.393,7.9,6.160031,,,,,,,,01/11/1982,01/11/1987
01/11/1981,45.976,45.658,8.3,6.160031,,,,,,,,01/12/1982,01/12/1987
01/12/1981,46.118,45.826,8.5,6.160031,,,,,,,,01/01/1983,01/01/1988
01/01/1982,46.392,46.108,8.6,6.150627,,,,,,,,01/02/1983,01/02/1988
01/02/1982,46.531,46.286,8.9,6.150627,,,,,,,,01/03/1983,01/03/1988
01/03/1982,46.651,46.488,9,6.150627,,,,,,,,01/04/1983,01/04/1988
01/04/1982,46.675,46.672,9.3,6.141159534,,,,,,,,01/05/1983,01/05/1988
01/05/1982,46.951,46.927,9.4,6.141159534,,,,,,,,01/06/1983,01/06/1988
01/06/1982,47.292,47.162,9.6,6.141159534,,,,,,,,01/07/1983,01/07/1988
01/07/1982,47.572,47.468,9.8,6.131687,,,,,,,,01/08/1983,01/08/1988
01/08/1982,47.72,47.686,9.8,6.131687,,,,,,,,01/09/1983,01/09/1988
01/09/1982,47.852,47.863,10.1,6.131687,,,,,,,,01/10/1983,01/10/1988
01/10/1982,48.121,48.166,10.4,6.122254,,,,,,,,01/11/1983,01/11/1988
01/11/1982,48.265,48.344,10.8,6.122254,,,,,,,,01/12/1983,01/12/1988
01/12/1982,48.338,48.498,10.8,6.122254,,,,,,,,01/01/1984,01/01/1989
01/01/1983,48.564,48.83,10.4,6.112889,,,,,,,,01/02/1984,01/02/1989
01/02/1983,48.646,49.011,10.4,6.112889,,,,,,,,01/03/1984,01/03/1989
01/03/1983,48.709,49.073,10.3,6.112889,,,,,,,,01/04/1984,01/04/1989
01/04/1983,48.931,49.222,10.2,6.103606,,,,,,,,01/05/1984,01/05/1989
01/05/1983,49.07,49.293,10.1,6.103606,,,,,,,,01/06/1984,01/06/1989
01/06/1983,49.253,49.523,10.1,6.103606,,,,,,,,01/07/1984,01/07/1989
01/07/1983,49.53,49.856,9.4,6.094400406,,,,,,,,01/08/1984,01/08/1989
01/08/1983,49.743,50.113,9.5,6.094400406,,,,,,,,01/09/1984,01/09/1989
01/09/1983,49.916,50.316,9.2,6.094400406,,,,,,,,01/10/1984,01/10/1989
01/10/1983,50.002,50.405,8.8,6.085254,,,,,,,,01/11/1984,01/11/1989
01/11/1983,50.072,50.523,8.5,6.085254,,,,,,,,01/12/1984,01/12/1989
01/12/1983,50.1,50.56,8.3,6.085254,,,,,,,,01/01/1985,01/01/1990
01/01/1984,50.318,50.729,8,6.076131,,,,,,,,01/02/1985,01/02/1990
01/02/1984,50.656,51.049,7.8,6.076131,,,,,,,,01/03/1985,01/03/1990
01/03/1984,50.823,51.242,7.8,6.076131,,,,,,,,01/04/1985,01/04/1990
01/04/1984,51.016,51.483,7.7,6.066982,,,,,,,,01/05/1985,01/05/1990
01/05/1984,51.08,51.602,7.4,6.066982,,,,,,,,01/06/1985,01/06/1990
01/06/1984,51.171,51.724,7.2,6.066982,,,,,,,,01/07/1985,01/07/1990
01/07/1984,51.354,51.947,7.5,6.057761,,,,,,,,01/08/1985,01/08/1990
01/08/1984,51.512,52.118,7.5,6.057761,,,,,,,,01/09/1985,01/09/1990
01/09/1984,51.582,52.198,7.3,6.057761,,,,,,,,01/10/1985,01/10/1990
01/10/1984,51.704,52.315,7.4,6.048421383,,,,,,,,01/11/1985,01/11/1990
01/11/1984,51.776,52.426,7.2,6.048421383,,,,,,,,01/12/1985,01/12/1990
01/12/1984,51.922,52.634,7.3,6.048421383,,,,,,,,01/01/1986,01/01/1991
01/01/1985,52.182,52.928,7.3,6.038903,,,,,,,,01/02/1986,01/02/1991
01/02/1985,52.424,53.204,7.2,6.038903,,,,,,,,01/03/1986,01/03/1991
01/03/1985,52.629,53.39,7.2,6.038903,,,,,,,,01/04/1986,01/04/1991
01/04/1985,52.706,53.453,7.3,6.029139519,,,,,,,,01/05/1986,01/05/1991
01/05/1985,52.831,53.638,7.2,6.029139519,,,,,,,,01/06/1986,01/06/1991
01/06/1985,52.974,53.815,7.4,6.029139519,,,,,,,,01/07/1986,01/07/1991
01/07/1985,53.104,53.973,7.4,6.019057,,,,,,,,01/08/1986,01/08/1991
01/08/1985,53.28,54.237,7.1,6.019057,,,,,,,,01/09/1986,01/09/1991
01/09/1985,53.37,54.349,7.1,6.019057,,,,,,,,01/10/1986,01/10/1991
01/10/1985,53.459,54.436,7.1,6.008578,,,,,,,,01/11/1986,01/11/1991
01/11/1985,53.614,54.57,7,6.008578,,,,,,,,01/12/1986,01/12/1991
01/12/1985,53.795,54.718,7,6.008578,,,,,,,,01/01/1987,01/01/1992
01/01/1986,54.042,55.014,6.7,5.997622,,,,,,,,01/02/1987,01/02/1992
01/02/1986,54.042,55.156,7.2,5.997622,,,,,,,,01/03/1987,01/03/1992
01/03/1986,53.924,55.324,7.2,5.997622,,,,,,,,01/04/1987,01/04/1992
01/04/1986,53.813,55.424,7.1,5.98611,,,,,,,,01/05/1987,01/05/1992
01/05/1986,53.912,55.518,7.2,5.98611,,,,,,,,01/06/1987,01/06/1992
01/06/1986,54.112,55.685,7.2,5.98611,,,,,,,,01/07/1987,01/07/1992
01/07/1986,54.126,55.786,7,5.973967552,,,,,,,,01/08/1987,01/08/1992
01/08/1986,54.194,55.901,6.9,5.973967552,,,,,,,,01/09/1987,01/09/1992
01/09/1986,54.371,56.085,7,5.973967552,,,,,,,,01/10/1987,01/10/1992
01/10/1986,54.469,56.274,7,5.961125374,,,,,,,,01/11/1987,01/11/1992
01/11/1986,54.566,56.394,6.9,5.961125374,,,,,,,,01/12/1987,01/12/1992
01/12/1986,54.64,56.466,6.6,5.961125374,,,,,,,,01/01/1988,01/01/1993
01/01/1987,54.895,56.601,6.6,5.947525501,,,,,,,,01/02/1988,01/02/1993
01/02/1987,55.088,56.714,6.6,5.947525501,,,,,,,,01/03/1988,01/03/1993
01/03/1987,55.233,56.882,6.6,5.947525501,,,,,,,,01/04/1988,01/04/1993
01/04/1987,55.439,57.123,6.3,5.933125496,,,,,,,,01/05/1988,01/05/1993
01/05/1987,55.58,57.283,6.3,5.933125496,,,,,,,,01/06/1988,01/06/1993
01/06/1987,55.791,57.441,6.2,5.933125496,,,,,,,,01/07/1988,01/07/1993
01/07/1987,55.919,57.589,6.1,5.917901516,,,,,,,,01/08/1988,01/08/1993
01/08/1987,56.14,57.783,6,5.917901516,,,,,,,,01/09/1988,01/09/1993
01/09/1987,56.329,58.012,5.9,5.917901516,,,,,,,,01/10/1988,01/10/1993
01/10/1987,56.508,58.26,6,5.901855,,,,,,,,01/11/1988,01/11/1993
01/11/1987,56.616,58.382,5.8,5.901855,,,,,,,,01/12/1988,01/12/1993
01/12/1987,56.72,58.505,5.7,5.901855,,,,,,,,01/01/1989,01/01/1994
01/01/1988,56.941,58.781,5.7,5.885015,,,,,,,,01/02/1989,01/02/1994
01/02/1988,57.024,58.902,5.7,5.885015,,,,,,,,01/03/1989,01/03/1994
01/03/1988,57.221,59.154,5.7,5.885015,,,,,,,,01/04/1989,01/04/1994
01/04/1988,57.499,59.441,5.4,5.86744,,,,,,,,01/05/1989,01/05/1994
01/05/1988,57.666,59.644,5.6,5.86744,,,,,,,,01/06/1989,01/06/1994
01/06/1988,57.912,59.896,5.4,5.86744,,,,,,,,01/07/1989,01/07/1994
01/07/1988,58.193,60.14,5.4,5.849217,,,,,,,,01/08/1989,01/08/1994
01/08/1988,58.366,60.289,5.6,5.849217,,,,,,,,01/09/1989,01/09/1994
01/09/1988,58.65,60.613,5.4,5.849217,,,,,,,,01/10/1989,01/10/1994
01/10/1988,58.841,60.843,5.4,5.830452442,,,,,,,,01/11/1989,01/11/1994
01/11/1988,58.978,61.01,5.3,5.830452442,,,,,,,,01/12/1989,01/12/1994
01/12/1988,59.162,61.212,5.3,5.830452442,,,,,,,,01/01/1990,01/01/1995
01/01/1989,59.465,61.522,5.4,5.811267376,,,,,,,,01/02/1990,01/02/1995
01/02/1989,59.663,61.678,5.2,5.811267376,,,,,,,,01/03/1990,01/03/1995
01/03/1989,59.885,61.863,5,5.811267376,,,,,,,,01/04/1990,01/04/1995
01/04/1989,60.284,62.07,5.2,5.791787,,,,,,,,01/05/1990,01/05/1995
01/05/1989,60.504,62.256,5.2,5.791787,,,,,,,,01/06/1990,01/06/1995
01/06/1989,60.637,62.42,5.3,5.791787,,,,,,,,01/07/1990,01/07/1995
01/07/1989,60.782,62.581,5.2,5.772135,,,,,,,,01/08/1990,01/08/1995
01/08/1989,60.789,62.669,5.2,5.772135,,,,,,,,01/09/1990,01/09/1995
01/09/1989,60.924,62.886,5.3,5.772135,,,,,,,,01/10/1990,01/10/1995
01/10/1989,61.162,63.114,5.3,5.752428532,,,,,,,,01/11/1990,01/11/1995
01/11/1989,61.296,63.282,5.4,5.752428532,,,,,,,,01/12/1990,01/12/1995
01/12/1989,61.473,63.462,5.4,5.752428532,,,,,,,,01/01/1991,01/01/1996
01/01/1990,61.939,63.706,5.4,5.732765,,,,,,,,01/02/1991,01/02/1996
01/02/1990,62.212,64.016,5.3,5.732765,,,,,,,,01/03/1991,01/03/1996
01/03/1990,62.446,64.323,5.2,5.732765,,,,,,,,01/04/1991,01/04/1996
01/04/1990,62.577,64.515,5.4,5.71323061,,,,,,,,01/05/1991,01/05/1996
01/05/1990,62.718,64.712,5.4,5.71323061,,,,,,,,01/06/1991,01/06/1996
01/06/1990,62.995,64.963,5.2,5.71323061,,,,,,,,01/07/1991,01/07/1996
01/07/1990,63.151,65.128,5.5,5.693902493,,,,,,,,01/08/1991,01/08/1996
01/08/1990,63.571,65.398,5.7,5.693902493,,,,,,,,01/09/1991,01/09/1996
01/09/1990,63.961,65.627,5.9,5.693902493,,,,,,,,01/10/1991,01/10/1996
01/10/1990,64.327,65.85,5.9,5.674851418,,,,,,,,01/11/1991,01/11/1996
01/11/1990,64.409,65.929,6.2,5.674851418,,,,,,,,01/12/1991,01/12/1996
01/12/1990,64.469,66.021,6.3,5.674851418,,,,,,,,01/01/1992,01/01/1997
01/01/1991,64.714,66.35,6.4,5.656145573,,,,,,,,01/02/1992,01/02/1997
01/02/1991,64.747,66.533,6.6,5.656145573,,,,,,,,01/03/1992,01/03/1997
01/03/1991,64.76,66.672,6.8,5.656145573,,,,,,,,01/04/1992,01/04/1997
01/04/1991,64.878,66.805,6.7,5.637838,,,,,,,,01/05/1992,01/05/1997
01/05/1991,65.147,67.072,6.9,5.637838,,,,,,,,01/06/1992,01/06/1997
01/06/1991,65.257,67.216,6.9,5.637838,,,,,,,,01/07/1992,01/07/1997
01/07/1991,65.36,67.421,6.8,5.619961,,,,,,,,01/08/1992,01/08/1997
01/08/1991,65.511,67.606,6.9,5.619961,,,,,,,,01/09/1992,01/09/1997
01/09/1991,65.737,67.877,6.9,5.619961,,,,,,,,01/10/1992,01/10/1997
01/10/1991,65.86,68.026,7,5.602534,,,,,,,,01/11/1992,01/11/1997
01/11/1991,66.005,68.153,7,5.602534,,,,,,,,01/12/1992,01/12/1997
01/12/1991,66.17,68.321,7.3,5.602534,,,,,,,,01/01/1993,01/01/1998
01/01/1992,66.26,68.507,7.3,5.585576534,,,,,,,,01/02/1993,01/02/1998
01/02/1992,66.428,68.693,7.4,5.585576534,,,,,,,,01/03/1993,01/03/1998
01/03/1992,66.589,68.865,7.4,5.585576534,,,,,,,,01/04/1993,01/04/1998
01/04/1992,66.769,69.091,7.4,5.569084,,,,,,,,01/05/1993,01/05/1998
01/05/1992,66.857,69.188,7.6,5.569084,,,,,,,,01/06/1993,01/06/1998
01/06/1992,66.976,69.242,7.8,5.569084,,,,,,,,01/07/1993,01/07/1998
01/07/1992,67.197,69.503,7.7,5.553059,,,,,,,,01/08/1993,01/08/1998
01/08/1992,67.287,69.567,7.6,5.553059,,,,,,,,01/09/1993,01/09/1998
01/09/1992,67.397,69.68,7.6,5.553059,,,,,,,,01/10/1993,01/10/1998
01/10/1992,67.635,69.948,7.3,5.537511,,,,,,,,01/11/1993,01/11/1998
01/11/1992,67.768,70.101,7.4,5.537511,,,,,,,,01/12/1993,01/12/1998
01/12/1992,67.886,70.231,7.4,5.537511,,,,,,,,01/01/1994,01/01/1999
01/01/1993,68.052,70.435,7.3,5.522455,,,,,,,,01/02/1994,01/02/1999
01/02/1993,68.154,70.57,7.1,5.522455,,,,,,,,01/03/1994,01/03/1999
01/03/1993,68.294,70.723,7,5.522455,,,,,,,,01/04/1994,01/04/1999
01/04/1993,68.475,70.929,7.1,5.50790453,,,,,,,,01/05/1994,01/05/1999
01/05/1993,68.687,71.169,7.1,5.50790453,,,,,,,,01/06/1994,01/06/1999
01/06/1993,68.711,71.237,7,5.50790453,,,,,,,,01/07/1994,01/07/1999
01/07/1993,68.82,71.385,6.9,5.493864536,,,,,,,,01/08/1994,01/08/1999
01/08/1993,68.938,71.518,6.8,5.493864536,,,,,,,,01/09/1994,01/09/1999
01/09/1993,69.01,71.625,6.7,5.493864536,,,,,,,,01/10/1994,01/10/1999
01/10/1993,69.227,71.744,6.8,5.480341434,,,,,,,,01/11/1994,01/11/1999
01/11/1993,69.358,71.928,6.6,5.480341434,,,,,,,,01/12/1994,01/12/1999
01/12/1993,69.374,71.96,6.5,5.480341434,,,,,,,,01/01/1995,01/01/2000
01/01/1994,69.397,72.018,6.6,5.467338562,,,,,,,,01/02/1995,01/02/2000
01/02/1994,69.558,72.173,6.6,5.467338562,,,,,,,,01/03/1995,01/03/2000
01/03/1994,69.75,72.42,6.5,5.467338562,,,,,,,,01/04/1995,01/04/2000
01/04/1994,69.832,72.528,6.4,5.454845,,,,,,,,01/05/1995,01/05/2000
01/05/1994,69.933,72.69,6.1,5.454845,,,,,,,,01/06/1995,01/06/2000
01/06/1994,70.104,72.851,6.1,5.454845,,,,,,,,01/07/1995,01/07/2000
01/07/1994,70.325,73.004,6.1,5.442838,,,,,,,,01/08/1995,01/08/2000
01/08/1994,70.486,73.086,6,5.442838,,,,,,,,01/09/1995,01/09/2000
01/09/1994,70.565,73.197,5.9,5.442838,,,,,,,,01/10/1995,01/10/2000
01/10/1994,70.684,73.369,5.8,5.431291,,,,,,,,01/11/1995,01/11/2000
01/11/1994,70.819,73.503,5.6,5.431291,,,,,,,,01/12/1995,01/12/2000
01/12/1994,70.865,73.528,5.5,5.431291,,,,,,,,01/01/1996,01/01/2001
01/01/1995,71.008,73.711,5.6,5.420172,,,,,,,,01/02/1996,01/02/2001
01/02/1995,71.134,73.831,5.4,5.420172,,,,,,,,01/03/1996,01/03/2001
01/03/1995,71.265,74.013,5.4,5.420172,,,,,,,,01/04/1996,01/04/2001
01/04/1995,71.453,74.184,5.8,5.409451485,,,,,,,,01/05/1996,01/05/2001
01/05/1995,71.563,74.311,5.6,5.409451485,,,,,,,,01/06/1996,01/06/2001
01/06/1995,71.633,74.375,5.6,5.409451485,,,,,,,,01/07/1996,01/07/2001
01/07/1995,71.722,74.493,5.7,5.399091,,,,,,,,01/08/1996,01/08/2001
01/08/1995,71.877,74.671,5.7,5.399091,,,,,,,,01/09/1996,01/09/2001
01/09/1995,71.926,74.77,5.6,5.399091,,,,,,,,01/10/1996,01/10/2001
01/10/1995,72.113,74.952,5.5,5.38905,,,,,,,,01/11/1996,01/11/2001
01/11/1995,72.111,75,5.6,5.38905,,,,,,,,01/12/1996,01/12/2001
01/12/1995,72.249,75.105,5.6,5.38905,,,,,,,,01/01/1997,01/01/2002
01/01/1996,72.41,75.19,5.6,5.379276,,,,,,,,01/02/1997,01/02/2002
01/02/1996,72.524,75.288,5.5,5.379276,,,,,,,,01/03/1997,01/03/2002
01/03/1996,72.743,75.462,5.5,5.379276,,,,,,,,01/04/1997,01/04/2002
01/04/1996,72.961,75.565,5.6,5.369709492,,,,,,,,01/05/1997,01/05/2002
01/05/1996,73.087,75.696,5.6,5.369709492,,,,,,,,01/06/1997,01/06/2002
01/06/1996,73.086,75.754,5.3,5.369709492,,,,,,,,01/07/1997,01/07/2002
01/07/1996,73.241,75.897,5.5,5.360292435,,,,,,,,01/08/1997,01/08/2002
01/08/1996,73.31,75.962,5.1,5.360292435,,,,,,,,01/09/1997,01/09/2002
01/09/1996,73.517,76.192,5.2,5.360292435,,,,,,,,01/10/1997,01/10/2002
01/10/1996,73.74,76.373,5.2,5.350973606,,,,,,,,01/11/1997,01/11/2002
01/11/1996,73.871,76.473,5.4,5.350973606,,,,,,,,01/12/1997,01/12/2002
01/12/1996,73.956,76.503,5.4,5.350973606,,,,,,,,01/01/1998,01/01/2003
01/01/1997,74.052,76.584,5.3,5.341696,,,,,,,,01/02/1998,01/02/2003
01/02/1997,74.208,76.741,5.2,5.341696,,,,,,,,01/03/1998,01/03/2003
01/03/1997,74.286,76.925,5.2,5.341696,,,,,,,,01/04/1998,01/04/2003
01/04/1997,74.359,77.075,5.1,5.332409382,,,,,,,,01/05/1998,01/05/2003
01/05/1997,74.324,77.131,4.9,5.332409382,,,,,,,,01/06/1998,01/06/2003
01/06/1997,74.42,77.245,5,5.332409382,,,,,,,,01/07/1998,01/07/2003
01/07/1997,74.464,77.297,4.9,5.32308054,,,,,,,,01/08/1998,01/08/2003
01/08/1997,74.524,77.267,4.8,5.32308054,,,,,,,,01/09/1998,01/09/2003
01/09/1997,74.704,77.427,4.9,5.32308054,,,,,,,,01/10/1998,01/10/2003
01/10/1997,74.801,77.545,4.7,5.31369,,,,,,,,01/11/1998,01/11/2003
01/11/1997,74.804,77.568,4.6,5.31369,,,,,,,,01/12/1998,01/12/2003
01/12/1997,74.788,77.613,4.7,5.31369,,,,,,,,01/01/1999,01/01/2004
01/01/1998,74.825,77.732,4.6,5.304222,,,,,,,,01/02/1999,01/02/2004
01/02/1998,74.787,77.798,4.6,5.304222,,,,,,,,01/03/1999,01/03/2004
01/03/1998,74.799,77.881,4.7,5.304222,,,,,,,,01/04/1999,01/04/2004
01/04/1998,74.891,78.024,4.3,5.294664,,,,,,,,01/05/1999,01/05/2004
01/05/1998,74.994,78.1,4.4,5.294664,,,,,,,,01/06/1999,01/06/2004
01/06/1998,74.931,78.002,4.5,5.294664,,,,,,,,01/07/1999,01/07/2004
01/07/1998,75.116,78.222,4.5,5.285001,,,,,,,,01/08/1999,01/08/2004
01/08/1998,75.22,78.375,4.5,5.285001,,,,,,,,01/09/1999,01/09/2004
01/09/1998,75.176,78.361,4.6,5.285001,,,,,,,,01/10/1999,01/10/2004
01/10/1998,75.341,78.514,4.5,5.275233,,,,,,,,01/11/1999,01/11/2004
01/11/1998,75.345,78.528,4.4,5.275233,,,,,,,,01/12/1999,01/12/2004
01/12/1998,75.42,78.663,4.4,5.275233,,,,,,,,01/01/2000,01/01/2005
01/01/1999,75.527,78.776,4.3,5.265363,,,,,,,,01/02/2000,01/02/2005
01/02/1999,75.484,78.749,4.4,5.265363,,,,,,,,01/03/2000,01/03/2005
01/03/1999,75.541,78.773,4.2,5.265363,,,,,,,,01/04/2000,01/04/2005
01/04/1999,75.906,78.975,4.3,5.255394459,,,,,,,,01/05/2000,01/05/2005
01/05/1999,75.955,79.051,4.2,5.255394459,,,,,,,,01/06/2000,01/06/2005
01/06/1999,75.979,79.092,4.3,5.255394459,,,,,,,,01/07/2000,01/07/2005
01/07/1999,76.181,79.235,4.3,5.245333672,,,,,,,,01/08/2000,01/08/2005
01/08/1999,76.319,79.273,4.2,5.245333672,,,,,,,,01/09/2000,01/09/2005
01/09/1999,76.593,79.483,4.2,5.245333672,,,,,,,,01/10/2000,01/10/2005
01/10/1999,76.723,79.619,4.1,5.235184669,,,,,,,,01/11/2000,01/11/2005
01/11/1999,76.792,79.695,4.1,5.235184669,,,,,,,,01/12/2000,01/12/2005
01/12/1999,76.97,79.796,4,5.235184669,,,,,,,,01/01/2001,01/01/2006
01/01/2000,77.18,79.987,4,5.224948,,,,,,,,01/02/2001,01/02/2006
01/02/2000,77.422,80.106,4.1,5.224948,,,,,,,,01/03/2001,01/03/2006
01/03/2000,77.755,80.27,4,5.224948,,,,,,,,01/04/2001,01/04/2006
01/04/2000,77.69,80.323,3.8,5.214622,,,,,,,,01/05/2001,01/05/2006
01/05/2000,77.755,80.409,4,5.214622,,,,,,,,01/06/2001,01/06/2006
01/06/2000,78.019,80.47,4,5.214622,,,,,,,,01/07/2001,01/07/2006
01/07/2000,78.214,80.654,4,5.204211,,,,,,,,01/08/2001,01/08/2006
01/08/2000,78.209,80.757,4.1,5.204211,,,,,,,,01/09/2001,01/09/2006
01/09/2000,78.545,80.953,3.9,5.204211,,,,,,,,01/10/2001,01/10/2006
01/10/2000,78.652,81.067,3.9,5.193731,,,,,,,,01/11/2001,01/11/2006
01/11/2000,78.762,81.21,3.9,5.193731,,,,,,,,01/12/2001,01/12/2006
01/12/2000,78.883,81.289,3.9,5.193731,,,,,,,,01/01/2002,01/01/2007
01/01/2001,79.265,81.592,4.2,5.183196545,,,,,,,,01/02/2002,01/02/2007
01/02/2001,79.388,81.736,4.2,5.183196545,,,,,,,,01/03/2002,01/03/2007
01/03/2001,79.395,81.821,4.3,5.183196545,,,,,,,,01/04/2002,01/04/2007
01/04/2001,79.534,81.951,4.4,5.172613621,,,,,,,,01/05/2002,01/05/2007
01/05/2001,79.743,81.97,4.3,5.172613621,,,,,,,,01/06/2002,01/06/2007
01/06/2001,79.885,82.154,4.5,5.172613621,,,,,,,,01/07/2002,01/07/2007
01/07/2001,79.858,82.366,4.6,5.161983,,,,,,,,01/08/2002,01/08/2007
01/08/2001,79.848,82.406,4.9,5.161983,,,,,,,,01/09/2002,01/09/2007
01/09/2001,79.577,81.939,5,5.161983,,,,,,,,01/10/2002,01/10/2007
01/10/2001,79.857,82.516,5.3,5.151313,,,,,,,,01/11/2002,01/11/2007
01/11/2001,79.803,82.683,5.5,5.151313,,,,,,,,01/12/2002,01/12/2007
01/12/2001,79.721,82.702,5.7,5.151313,,,,,,,,01/01/2003,01/01/2008
01/01/2002,79.793,82.75,5.7,5.140615463,,,,,,,,01/02/2003,01/02/2008
01/02/2002,79.926,82.907,5.7,5.140615463,,,,,,,,01/03/2003,01/03/2008
01/03/2002,80.144,83.006,5.7,5.140615463,,,,,,,,01/04/2003,01/04/2008
01/04/2002,80.479,83.238,5.9,5.129905,,,,,,,,01/05/2003,01/05/2008
01/05/2002,80.531,83.331,5.8,5.129905,,,,,,,,01/06/2003,01/06/2008
01/06/2002,80.632,83.463,5.8,5.129905,,,,,,,,01/07/2003,01/07/2008
01/07/2002,80.81,83.632,5.8,5.119209,,,,,,,,01/08/2003,01/08/2008
01/08/2002,80.969,83.797,5.7,5.119209,,,,,,,,01/09/2003,01/09/2008
01/09/2002,81.115,83.934,5.7,5.119209,,,,,,,,01/10/2003,01/10/2008
01/10/2002,81.262,84.005,5.7,5.108561516,,,,,,,,01/11/2003,01/11/2008
01/11/2002,81.343,84.087,5.9,5.108561516,,,,,,,,01/12/2003,01/12/2008
01/12/2002,81.421,84.165,6,5.108561516,,,,,,,,01/01/2004,01/01/2009
01/01/2003,81.664,84.223,5.8,5.09799,,,,,,,,01/02/2004,01/02/2009
01/02/2003,82.009,84.339,5.9,5.09799,,,,,,,,01/03/2004,01/03/2009
01/03/2003,82.219,84.474,5.9,5.09799,,,,,,,,01/04/2004,01/04/2009
01/04/2003,82.08,84.568,6,5.087525,,,,,,,,01/05/2004,01/05/2009
01/05/2003,81.986,84.69,6.1,5.087525,,,,,,,,01/06/2004,01/06/2009
01/06/2003,82.074,84.738,6.3,5.087525,,,,,,,,01/07/2004,01/07/2009
01/07/2003,82.315,84.949,6.2,5.077202,,,,,,,,01/08/2004,01/08/2009
01/08/2003,82.593,85.045,6.1,5.077202,,,,,,,,01/09/2004,01/09/2009
01/09/2003,82.852,85.164,6.1,5.077202,,,,,,,,01/10/2004,01/10/2009
01/10/2003,82.862,85.32,6,5.067058563,,,,,,,,01/11/2004,01/11/2009
01/11/2003,82.967,85.437,5.8,5.067058563,,,,,,,,01/12/2004,01/12/2009
01/12/2003,83.15,85.544,5.7,5.067058563,,,,,,,,01/01/2005,01/01/2010
01/01/2004,83.471,85.763,5.7,5.057126,,,,,,,,01/02/2005,01/02/2010
01/02/2004,83.649,85.902,5.6,5.057126,,,,,,,,01/03/2005,01/03/2010
01/03/2004,83.778,86.046,5.8,5.057126,,,,,,,,01/04/2005,01/04/2010
01/04/2004,83.934,86.27,5.6,5.047432423,,,,,,,,01/05/2005,01/05/2010
01/05/2004,84.206,86.388,5.6,5.047432423,,,,,,,,01/06/2005,01/06/2010
01/06/2004,84.447,86.525,5.6,5.047432423,,,,,,,,01/07/2005,01/07/2010
01/07/2004,84.525,86.628,5.5,5.038008,,,,,,,,01/08/2005,01/08/2010
01/08/2004,84.569,86.661,5.4,5.038008,,,,,,,,01/09/2005,01/09/2010
01/09/2004,84.735,86.823,5.4,5.038008,,,,,,,,01/10/2005,01/10/2010
01/10/2004,85.099,87.012,5.5,5.028878689,,,,,,,,01/11/2005,01/11/2010
01/11/2004,85.427,87.199,5.4,5.028878689,,,,,,,,01/12/2005,01/12/2010
01/12/2004,85.473,87.311,5.4,5.028878689,,,,,,,,01/01/2006,01/01/2011
01/01/2005,85.585,87.625,5.3,5.020076,,,,,,,,01/02/2006,01/02/2011
01/02/2005,85.823,87.77,5.4,5.020076,,,,,,,,01/03/2006,01/03/2011
01/03/2005,86.08,87.987,5.2,5.020076,,,,,,,,01/04/2006,01/04/2011
01/04/2005,86.321,88.089,5.2,5.011637,,,,,,,,01/05/2006,01/05/2011
01/05/2005,86.37,88.269,5.1,5.011637,,,,,,,,01/06/2006,01/06/2011
01/06/2005,86.423,88.33,5,5.011637,,,,,,,,01/07/2006,01/07/2011
01/07/2005,86.79,88.46,5,5.00365448,,,,,,,,01/08/2006,01/08/2011
01/08/2005,87.14,88.532,4.9,5.00365448,,,,,,,,01/09/2006,01/09/2011
01/09/2005,87.981,88.728,5,5.00365448,,,,,,,,01/10/2006,01/10/2011
01/10/2005,88.121,88.982,5,4.996716776,,,,,,,,01/11/2006,01/11/2011
01/11/2005,87.938,89.21,5,4.996716776,,,,,,,,01/12/2006,01/12/2011
01/12/2005,87.938,89.302,4.9,4.996716776,,,,,,,,01/01/2007,01/01/2012
01/01/2006,88.364,89.503,4.7,4.987016737,,,,,,,,01/02/2007,01/02/2012
01/02/2006,88.417,89.647,4.8,4.987016737,,,,,,,,01/03/2007,01/03/2012
01/03/2006,88.588,89.894,4.7,4.987016737,,,,,,,,01/04/2007,01/04/2012
01/04/2006,88.999,90.169,4.7,4.976734476,,,,,,,,01/05/2007,01/05/2012
01/05/2006,89.239,90.395,4.6,4.976734476,,,,,,,,01/06/2007,01/06/2012
01/06/2006,89.459,90.623,4.6,4.976734476,,,,,,,,01/07/2007,01/07/2012
01/07/2006,89.765,90.712,4.7,4.966011158,,,,,,,,01/08/2007,01/08/2012
01/08/2006,90.047,90.896,4.7,4.966011158,,,,,,,,01/09/2007,01/09/2012
01/09/2006,89.812,91.04,4.5,4.966011158,,,,,,,,01/10/2007,01/10/2012
01/10/2006,89.599,91.204,4.4,4.95504008,,,,,,,,01/11/2007,01/11/2012
01/11/2006,89.63,91.248,4.5,4.95504008,,,,,,,,01/12/2007,01/12/2012
01/12/2006,89.949,91.37,4.4,4.95504008,,,,,,,,01/01/2008,01/01/2013
01/01/2007,90.249,91.741,4.6,4.94404698,,,,,,,,01/02/2008,01/02/2013
01/02/2007,90.529,91.939,4.5,4.94404698,,,,,,,,01/03/2008,01/03/2013
01/03/2007,90.861,92.032,4.4,4.94404698,,,,,,,,01/04/2008,01/04/2013
01/04/2007,91.074,92.163,4.5,4.933268579,,,,,,,,01/05/2008,01/05/2013
01/05/2007,91.339,92.272,4.4,4.933268579,,,,,,,,01/06/2008,01/06/2013
01/06/2007,91.532,92.424,4.6,4.933268579,,,,,,,,01/07/2008,01/07/2013
01/07/2007,91.672,92.563,4.7,4.922925139,,,,,,,,01/08/2008,01/08/2013
01/08/2007,91.734,92.701,4.6,4.922925139,,,,,,,,01/09/2008,01/09/2013
01/09/2007,92.088,92.954,4.7,4.922925139,,,,,,,,01/10/2008,01/10/2013
01/10/2007,92.367,93.196,4.7,4.913194325,,,,,,,,01/11/2008,01/11/2013
01/11/2007,92.856,93.379,4.7,4.913194325,,,,,,,,01/12/2008,01/12/2013
01/12/2007,93.072,93.567,5,4.913194325,,,,,,,,01/01/2009,01/01/2014
01/01/2008,93.307,93.753,5,4.912083379,,,,,,,,01/02/2009,01/02/2014
01/02/2008,93.492,93.844,4.9,4.912083379,,,,,,,,01/03/2009,01/03/2014
01/03/2008,93.76,94.028,5.1,4.912083379,,,,,,,,01/04/2009,01/04/2014
01/04/2008,93.934,94.083,5,4.960114109,,,,,,,,01/05/2009,01/05/2014
01/05/2008,94.337,94.255,5.4,4.960114109,,,,,,,,01/06/2009,01/06/2014
01/06/2008,95.021,94.471,5.6,4.960114109,,,,,,,,01/07/2009,01/07/2014
01/07/2008,95.463,94.641,5.8,4.990479336,,,,,,,,01/08/2009,01/08/2014
01/08/2008,95.386,94.757,6.1,4.990479336,,,,,,,,01/09/2009,01/09/2014
01/09/2008,95.465,94.854,6.1,4.990479336,,,,,,,,01/10/2009,01/10/2014
01/10/2008,94.835,94.719,6.5,5.104601542,,,,,,,,01/11/2009,01/11/2014
01/11/2008,93.716,94.677,6.8,5.104601542,,,,,,,,01/12/2009,01/12/2014
01/12/2008,93.192,94.631,7.3,5.104601542,,,,,,,,01/01/2010,01/01/2015
01/01/2009,93.203,94.602,7.8,5.212292418,,,,,,,,01/02/2010,01/02/2015
01/02/2009,93.369,94.677,8.3,5.212292418,,,,,,,,01/03/2010,01/03/2015
01/03/2009,93.267,94.745,8.7,5.212292418,,,,,,,,01/04/2010,01/04/2015
01/04/2009,93.401,94.957,9,5.283114938,,,,,,,,01/05/2010,01/05/2015
01/05/2009,93.498,95.03,9.4,5.283114938,,,,,,,,01/06/2010,01/06/2015
01/06/2009,94.053,95.151,9.5,5.283114938,,,,,,,,01/07/2010,01/07/2015
01/07/2009,94.063,95.233,9.5,5.395247122,,,,,,,,01/08/2010,01/08/2015
01/08/2009,94.336,95.374,9.6,5.395247122,,,,,,,,01/09/2010,01/09/2015
01/09/2009,94.489,95.541,9.8,5.395247122,,,,,,,,01/10/2010,01/10/2015
01/10/2009,94.847,95.893,10,5.503899202,,,,,,,,01/11/2010,01/11/2015
01/11/2009,95.084,95.978,9.9,5.503899202,,,,,,,,01/12/2010,01/12/2015
01/12/2009,95.14,96.06,9.9,5.503899202,,,,,,,,01/01/2011,01/01/2016
01/01/2010,95.348,96.201,9.8,5.648051059,,,,,,,,01/02/2011,01/02/2016
01/02/2010,95.345,96.285,9.8,5.648051059,,,,,,,,01/03/2011,01/03/2016
01/03/2010,95.48,96.429,9.9,5.648051059,,,,,,,,01/04/2011,01/04/2016
01/04/2010,95.532,96.478,9.9,5.690288816,,,,,,,,01/05/2011,01/05/2016
01/05/2010,95.562,96.585,9.6,5.690288816,,,,,,,,01/06/2011,01/06/2016
01/06/2010,95.522,96.632,9.4,5.690288816,,,,,,,,01/07/2011,01/07/2016
01/07/2010,95.604,96.633,9.4,5.726967342,,,,,,,,01/08/2011,01/08/2016
01/08/2010,95.735,96.726,9.5,5.726967342,,,,,,,,01/09/2011,01/09/2016
01/09/2010,95.83,96.781,9.5,5.726967342,,,,,,,,01/10/2011,01/10/2016
01/10/2010,96.135,96.928,9.4,5.770941881,,,,,,,,01/11/2011,01/11/2016
01/11/2010,96.327,97.054,9.8,5.770941881,,0.013072652,,,,,,01/12/2011,01/12/2016
01/12/2010,96.545,97.074,9.3,5.770941881,,0.014767711,,,,,,01/01/2012,01/01/2017
01/01/2011,96.835,97.283,9.1,5.804344038,,0.015595503,,,,,,01/02/2012,01/02/2017
01/02/2011,97.105,97.453,9,5.804344038,,0.018459279,,,,,,01/03/2012,01/03/2017
01/03/2011,97.496,97.6,9,5.804344038,,0.02111437,,,,,,01/04/2012,01/04/2017
01/04/2011,97.908,97.824,9.1,5.822588923,,0.024871247,,,,,,01/05/2012,01/05/2017
01/05/2011,98.206,98.057,9,5.822588923,,0.027667901,,,,,,01/06/2012,01/06/2017
01/06/2011,98.186,98.164,9.1,5.822588923,,0.027888863,,,,,,01/07/2012,01/07/2017
01/07/2011,98.353,98.309,9,5.830605261,,0.028754027,,,,,,01/08/2012,01/08/2017
01/08/2011,98.584,98.505,9,5.830605261,,0.029759231,,,,,,01/09/2012,01/09/2017
01/09/2011,98.723,98.572,9,5.830605261,,0.030188876,,,,,,01/10/2012,01/10/2017
01/10/2011,98.725,98.619,8.8,5.847203348,,0.02694128,,,,,,01/11/2012,01/11/2017
01/11/2011,98.928,98.828,8.6,5.847203348,,0.027001775,,,,,,01/12/2012,01/12/2017
01/12/2011,98.984,98.992,8.5,5.847203348,,0.025262831,,,,,,01/01/2013,01/01/2018
01/01/2012,99.323,99.288,8.3,5.815009226,,0.025693189,,,,,,01/02/2013,01/02/2018
01/02/2012,99.545,99.426,8.3,5.815009226,,0.025127439,,,,,,01/03/2013,01/03/2018
01/03/2012,99.735,99.595,8.2,5.815009226,,0.022965045,,,,,,01/04/2013,01/04/2018
01/04/2012,99.866,99.746,8.2,5.781262444,,0.019998366,,,,,,01/05/2013,01/05/2018
01/05/2012,99.754,99.847,8.2,5.781262444,0.018254689,1.576278435,,,,,,01/06/2013,01/06/2018
01/06/2012,99.704,99.95,8.2,5.781262444,0.018194043,0.015460453,,,,,,01/07/2013,01/07/2018
01/07/2012,99.74,100.053,8.2,5.712411406,0.017739983,0.014102264,,,,,,01/08/2013,01/08/2018
01/08/2012,100.075,100.116,8.1,5.712411406,0.0163545,0.015124158,,,,,,01/09/2013,01/09/2018
01/09/2012,100.379,100.24,7.8,5.712411406,0.016921641,0.016774207,,,,,,01/10/2013,01/10/2018
01/10/2012,100.677,100.482,7.8,5.656054951,0.018890883,0.019772094,,,,,,01/11/2013,01/11/2018
01/11/2012,100.609,100.591,7.7,5.656054951,0.017839074,0.016992156,,,,,,01/12/2013,01/12/2018
01/12/2012,100.593,100.664,7.9,5.656054951,0.016890254,0.016255152,,,,,,01/01/2014,01/01/2019
01/01/2013,100.787,100.871,8,5.516896662,0.015943518,0.014739788,,,,,,01/02/2014,01/02/2019
01/02/2013,101.156,100.992,7.7,5.516896662,0.015750407,0.016183636,,,,,,01/03/2014,01/03/2019
01/03/2013,101.023,101.085,7.5,5.516896662,0.01496059,0.012914223,,,,,,01/04/2014,01/04/2019
01/04/2013,100.944,101.163,7.6,5.370586944,0.014206083,0.010794465,,,,,,01/05/2014,01/05/2019
01/05/2013,101.01,101.272,7.5,5.370586944,0.014271836,0.012590974,,,,,,01/06/2014,01/06/2019
01/06/2013,101.228,101.438,7.5,5.370586944,0.014887444,0.015285244,,,,,,01/07/2014,01/07/2019
01/07/2013,101.354,101.567,7.3,5.265987002,0.01513198,0.016182073,,,,,,01/08/2014,01/08/2019
01/08/2013,101.51,101.685,7.2,5.265987002,0.015671821,0.014339246,,,,,,01/09/2014,01/09/2019
01/09/2013,101.55,101.799,7.2,5.265987002,0.015552674,0.011665787,,,,,,01/10/2014,01/10/2019
01/10/2013,101.722,102.015,7.2,5.150994354,0.015256464,0.010379729,,,,,,01/11/2014,01/11/2019
01/11/2013,101.881,102.194,6.9,5.150994354,0.015935819,0.012643004,,,,,,01/12/2014,01/12/2019
01/12/2013,102.084,102.333,6.7,5.150994354,0.016579909,0.014822105,,,,,,01/01/2015,01/01/2020
01/01/2014,102.278,102.426,6.6,5.045110253,0.015415729,0.014793575,,,,,,01/02/2015,01/02/2020
01/02/2014,102.338,102.489,6.7,5.045110253,0.014822956,0.011684922,,,,,,01/03/2015,01/03/2020
01/03/2014,102.543,102.684,6.7,5.045110253,0.015818371,0.015046079,,,,,,01/04/2015,01/04/2020
01/04/2014,102.742,102.879,6.2,4.956619687,0.016962724,0.017811856,,,,,,01/05/2015,01/05/2020
01/05/2014,102.919,103.061,6.3,4.956619687,0.017665297,0.018899119,,,,,,01/06/2015,01/06/2020
01/06/2014,103.035,103.18,6.1,4.956619687,0.017173052,0.017850792,,,,,,01/07/2015,01/07/2020
01/07/2014,103.19,103.369,6.2,4.887757383,0.017741983,0.018114727,,,,,,01/08/2015,01/08/2020
01/08/2014,103.177,103.408,6.1,4.887757383,0.016944485,0.016422027,,,,,,01/09/2015,01/09/2020
01/09/2014,103.203,103.536,5.9,4.887757383,0.017063036,0.016277696,,,,,,01/10/2015,01/10/2020
01/10/2014,103.177,103.629,5.7,4.838887231,0.015821203,0.01430369,,,,,,01/11/2015,01/11/2020
01/11/2014,103.098,103.74,5.8,4.838887231,0.01512809,0.011945309,,,,,,01/12/2015,01/12/2020
01/12/2014,102.94,103.837,5.6,4.838887231,0.014697116,0.008385251,,,,,,01/01/2016,01/01/2021
01/01/2015,102.465,103.816,5.7,4.810394419,0.013570773,0.00182835,,,,,,01/02/2016,01/02/2021
01/02/2015,102.634,103.92,5.5,4.810394419,0.013962474,0.002892376,,,,,,01/03/2016,01/03/2021
01/03/2015,102.831,104.08,5.4,4.810394419,0.013595107,0.002808578,,,,,,01/04/2016,01/04/2021
01/04/2015,102.91,104.256,5.4,4.782686752,0.013384656,0.001635164,,,,,,01/05/2016,01/05/2021
01/05/2015,103.156,104.385,5.6,4.782686752,0.012846761,0.002302782,,,,,,01/06/2016,01/06/2021
01/06/2015,103.356,104.511,5.3,4.782686752,0.012899787,0.003115446,,,,,,01/07/2016,01/07/2021
01/07/2015,103.441,104.603,5.2,4.756195061,0.011937815,0.002432406,,,,,,01/08/2016,01/08/2021
01/08/2015,103.442,104.679,5.1,4.756195061,0.012291119,0.002568402,,,,,,01/09/2016,01/09/2021
01/09/2015,103.289,104.814,5,4.756195061,0.012343533,0.000833309,,,,,,01/10/2016,01/10/2021
01/10/2015,103.274,104.829,5,4.731372,0.01157977,0.000940132,,,,,,01/11/2016,01/11/2021
01/11/2015,103.337,104.94,5.1,4.731372,0.01156738,0.002318183,,,,,,01/12/2016,01/12/2021
01/12/2015,103.253,105.009,5,4.731372,0.011286921,0.003040606,,,,,,01/01/2017,01/01/2022
01/01/2016,103.306,105.204,4.8,4.708691,0.013369808,0.008207681,,,,,,01/02/2017,01/02/2022
01/02/2016,103.242,105.369,4.9,4.708691,0.013943418,0.005923963,,,,,,01/03/2017,01/03/2022
01/03/2016,103.481,105.521,5,4.708691,0.013845119,0.006321051,,,,,,01/04/2017,01/04/2022
01/04/2016,103.823,105.786,5.1,4.688638,0.014675414,0.00887183,,,,,,01/05/2017,01/05/2022
01/05/2016,103.977,105.948,4.8,4.688638,0.014973416,0.00795882,,,,,,01/06/2017,
01/06/2016,104.175,106.077,4.9,4.688638,0.014984069,0.007924068,,,,,,01/07/2017,
01/07/2016,104.218,106.257,4.8,4.671323,0.015812166,0.007511528,,,,,,01/08/2017,
01/08/2016,104.374,106.456,4.9,4.671323,0.016975707,0.00900988,,,,,,01/09/2017,
01/09/2016,104.555,106.579,5,4.671323,0.016839354,0.012256871,,,,,,01/10/2017,
01/10/2016,104.786,106.737,4.9,4.656598,0.01820107,0.014640665,,,,,,01/11/2017,
01/11/2016,104.826,106.789,4.7,4.656598,0.017619592,0.014409166,,,,,,01/12/2017,
01/12/2016,105.017,106.929,4.7,4.656598,0.018284147,0.017084249,,,,,,01/01/2018,
01/01/2017,105.41,107.204,4.7,4.644163,0.019010684,0.020366678,,,,,,01/02/2018,
01/02/2017,105.502,107.357,4.6,4.644163,0.018867029,0.021890316,,,,,,01/03/2018,
01/03/2017,105.448,107.307,4.4,4.644163,0.016925541,0.01900832,,,,,,01/04/2018,
01/04/2017,105.732,107.587,4.4,4.63363,0.017024937,0.018387063,,,,,,01/05/2018,
01/05/2017,105.703,107.699,4.4,4.63363,0.016526975,0.016599825,,,,,,01/06/2018,
01/06/2017,105.818,107.876,4.3,4.63363,0.016959379,0.015771538,,,,,,01/07/2018,
01/07/2017,105.844,107.944,4.3,4.624581,0.015876601,0.015601911,,,,,,01/08/2018,
01/08/2017,106.074,108.058,4.4,4.624581,0.015048471,0.016287581,,,,,,01/09/2018,
01/09/2017,106.52,108.267,4.3,4.624581,0.015838017,0.018793936,,,,,,01/10/2018,
01/10/2017,106.692,108.546,4.2,4.616598,0.0169482,0.018189453,,,,,,01/11/2018,
01/11/2017,106.88,108.601,4.2,4.616598,0.01696804,0.019594375,,,,,,01/12/2018,
01/12/2017,106.995,108.769,4.1,4.616598,0.01720768,0.018835046,,,,,,01/01/2019,
01/01/2018,107.354,109.06,4,4.609289,0.017312787,0.018442273,,,,,,01/02/2019,
01/02/2018,107.574,109.273,4.1,4.609289,0.017846996,0.019639438,,,,,,01/03/2019,
01/03/2018,107.744,109.542,4,4.609289,0.020828091,0.021773765,,,,,,01/04/2019,
01/04/2018,108.008,109.752,4,4.602304,0.020123249,0.021526123,,,,,,01/05/2019,
01/05/2018,108.203,109.969,3.8,4.602304,0.021077262,0.023651174,,,,,,01/06/2019,
01/06/2018,108.341,110.106,4,4.602304,0.020671883,0.023842824,,,,,,01/07/2019,
01/07/2018,108.427,110.238,3.8,4.595352,0.02125176,0.02440384,,,,,,01/08/2019,
01/08/2018,108.491,110.247,3.8,4.595352,0.020257639,0.02278598,,,,,,01/09/2019,
01/09/2018,108.72,110.475,3.7,4.595352,0.020394026,0.020653398,,,,,,01/10/2019,
01/10/2018,108.947,110.641,3.8,4.588214,0.019300573,0.021135605,,,,,,01/11/2019,
01/11/2018,109.023,110.838,3.8,4.588214,0.020598337,0.020050524,,,,,,01/12/2019,
01/12/2018,108.99,111.006,3.9,4.588214,0.020566522,0.018645731,,,,,,01/01/2020,
01/01/2019,108.93,111.06,4,4.559107,0.018338529,0.014680403,,,,,,01/02/2020,
01/02/2019,109.036,111.096,3.8,4.559107,0.016682987,0.013590645,,,,,,01/03/2020,
01/03/2019,109.333,111.254,3.8,4.559107,0.015628709,0.014747921,,,,,,01/04/2020,
01/04/2019,109.759,111.607,3.6,4.548072,0.016901742,0.016211762,,,,,,01/05/2020,
01/05/2019,109.827,111.744,3.6,4.548072,0.016140912,0.015008826,,,,,,01/06/2020,
01/06/2019,109.92,111.997,3.6,4.548072,0.017174359,0.014574353,,,,,,01/07/2020,
01/07/2019,110.074,112.15,3.7,4.536518,0.017344291,0.015189943,,,,,,01/08/2020,
01/08/2019,110.133,112.289,3.7,4.536518,0.018522046,0.015134896,,,,,,01/09/2020,
01/09/2019,110.215,112.367,3.5,4.536518,0.017126047,0.01375092,,,,,,01/10/2020,
01/10/2019,110.479,112.54,3.6,4.524682,0.017163619,0.014061883,,,,,,01/11/2020,
01/11/2019,110.568,112.576,3.6,4.524682,0.015680543,0.014171322,,,,,,01/12/2020,
01/12/2019,110.789,112.824,3.6,4.524682,0.016377493,0.016506101,,,,,,01/01/2021,
01/01/2020,111.002,113.04,3.5,4.512876,0.017828201,0.01902139,,,,,,01/02/2021,
01/02/2020,111.071,113.215,3.5,4.512876,0.019073594,0.018663561,,,,,,01/03/2021,
01/03/2020,110.802,113.15,4.4,4.512876,0.017042084,0.013436017,,,,,,01/04/2021,
01/04/2020,110.213,112.628,14.7,4.501435,0.009148172,0.004136335,,,,,,01/05/2021,
01/05/2020,110.385,112.864,13.2,4.501435,0.01002291,0.005080718,,,,,,01/06/2021,
01/06/2020,110.918,113.265,11,4.501435,0.011321732,0.00907933,,,,,,01/07/2021,
01/07/2020,111.221,113.61,10.2,4.490658,0.013018279,0.010420263,,,,,,01/08/2021,
01/08/2020,111.563,113.971,8.4,4.490658,0.014979205,0.012984301,,,,,,01/09/2021,
01/09/2020,111.736,114.131,7.9,4.490658,0.015698559,0.013800299,,,,,,01/10/2021,
01/10/2020,111.775,114.137,6.9,4.480756,0.01419051,0.011730736,,,,,,01/11/2021,
01/11/2020,111.79,114.134,6.7,4.480756,0.01383954,0.011052022,,,,,,01/12/2021,
01/12/2020,112.22,114.494,6.7,4.480756,0.014801815,0.012916445,,,,,,01/01/2022,
01/01/2021,112.57,114.746,6.4,4.471833,0.015092003,0.014125872,,,,,,01/02/2022,
01/02/2021,112.878,114.899,6.2,4.471833,0.014874354,0.016268873,,,,,,01/03/2022,
01/03/2021,113.518,115.383,6,4.471833,0.019734865,0.024512193,,,,,,01/04/2022,
01/04/2021,114.161,116.1,6,4.463892,0.030827148,0.035821546,,,,,,01/05/2022,
01/05/2021,114.767,116.766,5.8,4.463892,0.034572583,0.039697423,,,,,,,
01/06/2021,115.388,117.327,5.9,4.463892,0.0358628,0.040300041,,,,,,,
01/07/2021,115.847,117.704,5.4,4.456865,0.03603556,0.041592865,,,,,,,
01/08/2021,116.29,118.073,5.2,4.456865,0.035991612,0.042370678,,,,,,,
01/09/2021,116.693,118.357,4.7,4.456865,0.037027626,0.0443635,,,,,,,
01/10/2021,117.429,118.915,4.6,4.450651,0.041861973,0.050583762,,,,,,,
01/11/2021,118.106,119.483,4.2,4.450651,0.046865965,0.056498792,,,,,,,
01/12/2021,118.709,120.092,3.9,4.450651,0.048893392,0.057823917,,,,,,,
01/01/2022,119.321,120.636,4,4.445137,0.051330765,0.059971573,,,,,,,
01/02/2022,119.96,121.002,3.8,4.445137,0.053116215,0.062740304,,,,,,,
01/03/2022,121.054,121.408,3.6,4.445137,0.052217398,0.066385948,,,,,,,
01/04/2022,121.339,121.813,3.6,4.440214,0.04920758,0.062876114,,,,,,,
01/05/2022,122.052,122.237,3.6,4.440214,0.046854393,0.063476435,,,,,,,